OBJ File,OBJ ID,English Name,Japanese Name,FMA ID,Category,Region,Headache Importance,Headache Type,Recommended Blender Collection,Description,BBox(mm),Buildup,Mirror,Vertices,Faces
FJ1725M.obj,FJ1725M,Left vertebral artery,椎骨動脈,FMA4066,Vessel,Neck,★★★★★,Multiple,BloodVessels,頚椎を貫き脳幹へ至る。椎骨脳底動脈系。後頭部・頸原性痛に関与。,34×28.3×107.6,part_of,yes,,
FJ1725M.obj,FJ1725M,Left vertebral artery,椎骨動脈,FMA4066,Vessel,Neck,★★★★★,Multiple,BloodVessels,頚椎を貫き脳幹へ至る。椎骨脳底動脈系。後頭部・頸原性痛に関与。,34×28.3×107.6,is_a,yes,,
FJ1725.obj,FJ1725,Right vertebral artery,椎骨動脈,FMA3958,Vessel,Neck,★★★★★,Multiple,BloodVessels,頚椎を貫き脳幹へ至る。椎骨脳底動脈系。後頭部・頸原性痛に関与。,34.1×28.4×107.7,part_of,,,
FJ1725.obj,FJ1725,Right vertebral artery,椎骨動脈,FMA3958,Vessel,Neck,★★★★★,Multiple,BloodVessels,頚椎を貫き脳幹へ至る。椎骨脳底動脈系。後頭部・頸原性痛に関与。,34.1×28.4×107.7,is_a,,,
FJ3176.obj,FJ3176,Atlas,環椎（第1頚椎 C1）,FMA12519,Bone,Neck,★★★★★,Cervicogenic,Bones,頭蓋を支える第1頚椎。環軸関節の可動性が頸原性頭痛に関与。,81.6×47×19.2,part_of,,,
FJ3176.obj,FJ3176,Atlas,環椎（第1頚椎 C1）,FMA12519,Bone,Neck,★★★★★,Cervicogenic,Bones,頭蓋を支える第1頚椎。環軸関節の可動性が頸原性頭痛に関与。,81.6×47×19.2,is_a,,,
FJ3177.obj,FJ3177,Axis,軸椎（第2頚椎 C2）,FMA12520,Bone,Neck,★★★★★,Cervicogenic,Bones,第2頚椎。大後頭神経(C2)の出口で回旋運動の要。,50.5×49.9×45.2,part_of,,,
FJ3177.obj,FJ3177,Axis,軸椎（第2頚椎 C2）,FMA12520,Bone,Neck,★★★★★,Cervicogenic,Bones,第2頚椎。大後頭神経(C2)の出口で回旋運動の要。,50.5×49.9×45.2,is_a,,,
FJ1520M.obj,FJ1520M,Ascending part of left trapezius,僧帽筋,FMA33583,Muscle,Other,★★★★★,Tension,Muscles,頸部から肩の大きな筋。緊張型頭痛の主要な関与筋。,151.8×71.5×289,is_a,yes,,
FJ1520.obj,FJ1520,Ascending part of right trapezius,僧帽筋,FMA33581,Muscle,Other,★★★★★,Tension,Muscles,頸部から肩の大きな筋。緊張型頭痛の主要な関与筋。,151.9×71.6×289,is_a,,,
FJ1521M.obj,FJ1521M,Descending part of left trapezius,僧帽筋,FMA33587,Muscle,Neck,★★★★★,Tension,Muscles,頸部から肩の大きな筋。緊張型頭痛の主要な関与筋。,134.3×93×165.7,is_a,yes,,
FJ1521.obj,FJ1521,Descending part of right trapezius,僧帽筋,FMA33586,Muscle,Neck,★★★★★,Tension,Muscles,頸部から肩の大きな筋。緊張型頭痛の主要な関与筋。,134.4×93.1×165.7,is_a,,,
FJ1567.obj,FJ1567,Left rectus capitis posterior major,大後頭直筋,FMA32531,Muscle,Neck,★★★★★,Cervicogenic,Muscles,後頭下筋群。硬膜と連結(myodural bridge)し頸原性頭痛に強く関与。,36.2×25.9×48,is_a,,,
FJ1568.obj,FJ1568,Left rectus capitis posterior minor,小後頭直筋,FMA32533,Muscle,Neck,★★★★★,Cervicogenic,Muscles,後頭下筋群。硬膜橋を形成。,24.2×25.8×26.8,is_a,,,
FJ1589.obj,FJ1589,Right rectus capitis posterior major,大後頭直筋,FMA32530,Muscle,Neck,★★★★★,Cervicogenic,Muscles,後頭下筋群。硬膜と連結(myodural bridge)し頸原性頭痛に強く関与。,37.1×25.9×47.6,is_a,,,
FJ1590.obj,FJ1590,Right rectus capitis posterior minor,小後頭直筋,FMA32532,Muscle,Neck,★★★★★,Cervicogenic,Muscles,後頭下筋群。硬膜橋を形成。,23.9×27.2×26.9,is_a,,,
FJ1554M.obj,FJ1554M,Transverse part of left trapezius,僧帽筋,FMA33585,Muscle,Neck,★★★★★,Tension,Muscles,頸部から肩の大きな筋。緊張型頭痛の主要な関与筋。,167.1×80.4×78.5,is_a,yes,,
FJ1554.obj,FJ1554,Transverse part of right trapezius,僧帽筋,FMA33584,Muscle,Neck,★★★★★,Tension,Muscles,頸部から肩の大きな筋。緊張型頭痛の主要な関与筋。,167.2×80.4×78.6,is_a,,,
FJ1672.obj,FJ1672,Basilar artery,脳底動脈,FMA50542,Vessel,Head,★★★★☆,Migraine,BloodVessels,左右椎骨動脈の合流。脳幹を灌流。脳底型片頭痛。,3.4×13.5×28.4,part_of,,,
FJ1844.obj,FJ1844,Basilar artery,脳底動脈,FMA50542,Vessel,Head,★★★★☆,Migraine,BloodVessels,左右椎骨動脈の合流。脳幹を灌流。脳底型片頭痛。,3.3×14.7×29.7,part_of,,,
FJ1672.obj,FJ1672,Basilar artery,脳底動脈,FMA50542,Vessel,Head,★★★★☆,Migraine,BloodVessels,左右椎骨動脈の合流。脳幹を灌流。脳底型片頭痛。,3.4×13.5×28.4,is_a,,,
FJ1844.obj,FJ1844,Basilar artery,脳底動脈,FMA50542,Vessel,Head,★★★★☆,Migraine,BloodVessels,左右椎骨動脈の合流。脳幹を灌流。脳底型片頭痛。,3.3×14.7×29.7,is_a,,,
FJ1682M.obj,FJ1682M,Left internal carotid artery,内頚動脈,FMA4062,Vessel,Head,★★★★☆,Cluster,BloodVessels,前方循環の主幹。海綿静脈洞内で群発頭痛に関与。,27.6×20.5×103.2,part_of,yes,,
FJ1682M.obj,FJ1682M,Left internal carotid artery,内頚動脈,FMA4062,Vessel,Head,★★★★☆,Cluster,BloodVessels,前方循環の主幹。海綿静脈洞内で群発頭痛に関与。,27.6×20.5×103.2,is_a,yes,,
FJ1682.obj,FJ1682,Right internal carotid artery,内頚動脈,FMA3949,Vessel,Head,★★★★☆,Cluster,BloodVessels,前方循環の主幹。海綿静脈洞内で群発頭痛に関与。,27.7×20.6×103.2,part_of,,,
FJ1682.obj,FJ1682,Right internal carotid artery,内頚動脈,FMA3949,Vessel,Head,★★★★☆,Cluster,BloodVessels,前方循環の主幹。海綿静脈洞内で群発頭痛に関与。,27.7×20.6×103.2,is_a,,,
FJ3167.obj,FJ3167,Fifth cervical vertebra,頚椎,FMA12523,Bone,Neck,★★★★☆,Cervicogenic,Bones,C1–C7。頸原性頭痛の解剖学的基盤。,58×54.7×24.2,part_of,,,
FJ3167.obj,FJ3167,Fifth cervical vertebra,頚椎,FMA12523,Bone,Neck,★★★★☆,Cervicogenic,Bones,C1–C7。頸原性頭痛の解剖学的基盤。,58×54.7×24.2,is_a,,,
FJ3164.obj,FJ3164,Fourth cervical vertebra,頚椎,FMA12522,Bone,Neck,★★★★☆,Cervicogenic,Bones,C1–C7。頸原性頭痛の解剖学的基盤。,54.1×48.4×27.5,part_of,,,
FJ3164.obj,FJ3164,Fourth cervical vertebra,頚椎,FMA12522,Bone,Neck,★★★★☆,Cervicogenic,Bones,C1–C7。頸原性頭痛の解剖学的基盤。,54.1×48.4×27.5,is_a,,,
FJ3309.obj,FJ3309,Occipital bone,後頭骨,FMA52735,Bone,Head,★★★★☆,Cervicogenic,Bones,大後頭神経が近接する頭蓋後方の骨。頸原性頭痛の起点。,122.7×119×106.7,part_of,,,
FJ3309.obj,FJ3309,Occipital bone,後頭骨,FMA52735,Bone,Head,★★★★☆,Cervicogenic,Bones,大後頭神経が近接する頭蓋後方の骨。頸原性頭痛の起点。,122.7×119×106.7,is_a,,,
FJ3172.obj,FJ3172,Seventh cervical vertebra,頚椎,FMA12525,Bone,Neck,★★★★☆,Cervicogenic,Bones,C1–C7。頸原性頭痛の解剖学的基盤。,65.2×68.8×27.1,part_of,,,
FJ3172.obj,FJ3172,Seventh cervical vertebra,頚椎,FMA12525,Bone,Neck,★★★★☆,Cervicogenic,Bones,C1–C7。頸原性頭痛の解剖学的基盤。,65.2×68.8×27.1,is_a,,,
FJ3170.obj,FJ3170,Sixth cervical vertebra,頚椎,FMA12524,Bone,Neck,★★★★☆,Cervicogenic,Bones,C1–C7。頸原性頭痛の解剖学的基盤。,61.2×62.5×23.2,part_of,,,
FJ3170.obj,FJ3170,Sixth cervical vertebra,頚椎,FMA12524,Bone,Neck,★★★★☆,Cervicogenic,Bones,C1–C7。頸原性頭痛の解剖学的基盤。,61.2×62.5×23.2,is_a,,,
FJ3161.obj,FJ3161,Third cervical vertebra,頚椎,FMA12521,Bone,Neck,★★★★☆,Cervicogenic,Bones,C1–C7。頸原性頭痛の解剖学的基盤。,58.4×49.7×28.7,part_of,,,
FJ3161.obj,FJ3161,Third cervical vertebra,頚椎,FMA12521,Bone,Neck,★★★★☆,Cervicogenic,Bones,C1–C7。頸原性頭痛の解剖学的基盤。,58.4×49.7×28.7,is_a,,,
FJ1760.obj,FJ1760,Hypothalamus,視床下部,FMA62008,Brain,Head,★★★★☆,Cluster,Brain,群発頭痛の発作に関与する中枢。,7.6×18×19.9,part_of,,,
FJ1808.obj,FJ1808,Hypothalamus,視床下部,FMA62008,Brain,Head,★★★★☆,Cluster,Brain,群発頭痛の発作に関与する中枢。,7.6×18×19.9,part_of,,,
FJ1760.obj,FJ1760,Hypothalamus,視床下部,FMA62008,Brain,Head,★★★★☆,Cluster,Brain,群発頭痛の発作に関与する中枢。,7.6×18×19.9,is_a,,,
FJ1808.obj,FJ1808,Hypothalamus,視床下部,FMA62008,Brain,Head,★★★★☆,Cluster,Brain,群発頭痛の発作に関与する中枢。,7.6×18×19.9,is_a,,,
FJ1769.obj,FJ1769,Medulla oblongata,延髄,FMA62004,Brain,Head,★★★★☆,Multiple,Brain,脳幹下部。三叉頚椎複合体(TCC)の座で頭頸部の痛覚が収束。,13.4×33.2×41.3,part_of,,,
FJ1831.obj,FJ1831,Medulla oblongata,延髄,FMA62004,Brain,Head,★★★★☆,Multiple,Brain,脳幹下部。三叉頚椎複合体(TCC)の座で頭頸部の痛覚が収束。,13.4×33.2×41.3,part_of,,,
FJ1769.obj,FJ1769,Medulla oblongata,延髄,FMA62004,Brain,Head,★★★★☆,Multiple,Brain,脳幹下部。三叉頚椎複合体(TCC)の座で頭頸部の痛覚が収束。,13.4×33.2×41.3,is_a,,,
FJ1831.obj,FJ1831,Medulla oblongata,延髄,FMA62004,Brain,Head,★★★★☆,Multiple,Brain,脳幹下部。三叉頚椎複合体(TCC)の座で頭頸部の痛覚が収束。,13.4×33.2×41.3,is_a,,,
FJ1563.obj,FJ1563,Left obliquus capitis inferior,下頭斜筋,FMA32537,Muscle,Neck,★★★★☆,Cervicogenic,Muscles,後頭下筋群。大後頭神経が交差する。,42×35.6×33,is_a,,,
FJ1564.obj,FJ1564,Left obliquus capitis superior,上頭斜筋,FMA32535,Muscle,Neck,★★★★☆,Cervicogenic,Muscles,後頭下筋群。,13.7×50.3×24.6,is_a,,,
FJ1538M.obj,FJ1538M,Left semispinalis capitis,頭半棘筋,FMA22877,Muscle,Neck,★★★★☆,Cervicogenic,Muscles,頸部後面深層の筋。大後頭神経が貫通する。,40.2×54.2×119.5,is_a,yes,,
FJ1545M.obj,FJ1545M,Left splenius capitis,頭板状筋,FMA22729,Muscle,Neck,★★★★☆,Cervicogenic,Muscles,頸部後面の筋。,63.4×74.1×213.7,is_a,yes,,
FJ1573.obj,FJ1573,Left sternocleidomastoid,胸鎖乳突筋,FMA13409,Muscle,Neck,★★★★☆,Tension,Muscles,頸部前外側の筋。緊張型・頸原性頭痛に関与。,61.1×119.4×201,is_a,,,
FJ1584.obj,FJ1584,Right obliquus capitis inferior,下頭斜筋,FMA32536,Muscle,Neck,★★★★☆,Cervicogenic,Muscles,後頭下筋群。大後頭神経が交差する。,38.9×37.2×33.9,is_a,,,
FJ1585.obj,FJ1585,Right obliquus capitis superior,上頭斜筋,FMA32534,Muscle,Head,★★★★☆,Cervicogenic,Muscles,後頭下筋群。,13.9×50.8×22.9,is_a,,,
FJ1538.obj,FJ1538,Right semispinalis capitis,頭半棘筋,FMA22876,Muscle,Neck,★★★★☆,Cervicogenic,Muscles,頸部後面深層の筋。大後頭神経が貫通する。,40.2×54.2×119.4,is_a,,,
FJ1545.obj,FJ1545,Right splenius capitis,頭板状筋,FMA22728,Muscle,Neck,★★★★☆,Cervicogenic,Muscles,頸部後面の筋。,63.4×74.2×213.7,is_a,,,
FJ1595.obj,FJ1595,Right sternocleidomastoid,胸鎖乳突筋,FMA13408,Muscle,Neck,★★★★☆,Tension,Muscles,頸部前外側の筋。緊張型・頸原性頭痛に関与。,124.4×119.7×201.2,is_a,,,
FJ1312.obj,FJ1312,Left ophthalmic nerve,眼神経（三叉神経第1枝 V1）,FMA52623,Nerve,Head,★★★★☆,Migraine,Nerves,三叉神経第1枝。前頭部の感覚。非在の三叉神経本幹の代替として提示。,4.6×27.3×8.6,is_a,,,
FJ1325.obj,FJ1325,Left supra-orbital nerve,眼窩上神経,FMA52657,Nerve,Head,★★★★☆,Migraine,Nerves,V1 終枝。前頭部頭痛・神経ブロックの標的。,7.1×35.2×21.6,is_a,,,
FJ1363.obj,FJ1363,Right ophthalmic nerve,眼神経（三叉神経第1枝 V1）,FMA52622,Nerve,Head,★★★★☆,Migraine,Nerves,三叉神経第1枝。前頭部の感覚。非在の三叉神経本幹の代替として提示。,4.6×27.3×8.6,is_a,,,
FJ1376.obj,FJ1376,Right supra-orbital nerve,眼窩上神経,FMA52656,Nerve,Head,★★★★☆,Migraine,Nerves,V1 終枝。前頭部頭痛・神経ブロックの標的。,7.2×35.2×21.6,is_a,,,
FJ1662M.obj,FJ1662M,Anterolateral central branch of left middle cerebral artery,中大脳動脈,FMA50378,Vessel,Head,★★★☆☆,Migraine,BloodVessels,前方循環の主要枝。,17.5×41.8×35.9,is_a,yes,,
FJ1663M.obj,FJ1663M,Anterolateral central branch of left middle cerebral artery,中大脳動脈,FMA50378,Vessel,Head,★★★☆☆,Migraine,BloodVessels,前方循環の主要枝。,17.9×24.9×17.9,is_a,yes,,
FJ1662.obj,FJ1662,Anterolateral central branch of right middle cerebral artery,中大脳動脈,FMA50377,Vessel,Head,★★★☆☆,Migraine,BloodVessels,前方循環の主要枝。,17.5×41.8×35.9,part_of,,,
FJ1663.obj,FJ1663,Anterolateral central branch of right middle cerebral artery,中大脳動脈,FMA50377,Vessel,Head,★★★☆☆,Migraine,BloodVessels,前方循環の主要枝。,17.9×24.9×17.9,part_of,,,
FJ1662.obj,FJ1662,Anterolateral central branch of right middle cerebral artery,中大脳動脈,FMA50377,Vessel,Head,★★★☆☆,Migraine,BloodVessels,前方循環の主要枝。,17.5×41.8×35.9,is_a,,,
FJ1663.obj,FJ1663,Anterolateral central branch of right middle cerebral artery,中大脳動脈,FMA50377,Vessel,Head,★★★☆☆,Migraine,BloodVessels,前方循環の主要枝。,17.9×24.9×17.9,is_a,,,
FJ1673M.obj,FJ1673M,Branch of left middle cerebral artery to left angular gyrus,中大脳動脈,FMA50477,Vessel,Head,★★★☆☆,Migraine,BloodVessels,前方循環の主要枝。,23.8×24.9×17.3,is_a,yes,,
FJ1673.obj,FJ1673,Branch of right middle cerebral artery to right angular gyrus,中大脳動脈,FMA50476,Vessel,Head,★★★☆☆,Migraine,BloodVessels,前方循環の主要枝。,23.8×24.9×17.3,is_a,,,
FJ1660M.obj,FJ1660M,Insular part of left middle cerebral artery,中大脳動脈,FMA50370,Vessel,Head,★★★☆☆,Migraine,BloodVessels,前方循環の主要枝。,5.9×6.3×14.1,is_a,yes,,
FJ1694M.obj,FJ1694M,Insular part of left middle cerebral artery,中大脳動脈,FMA50370,Vessel,Head,★★★☆☆,Migraine,BloodVessels,前方循環の主要枝。,16.8×35.2×23.3,is_a,yes,,
FJ1660.obj,FJ1660,Insular part of right middle cerebral artery,中大脳動脈,FMA50369,Vessel,Head,★★★☆☆,Migraine,BloodVessels,前方循環の主要枝。,5.9×6.3×14.1,is_a,,,
FJ1694.obj,FJ1694,Insular part of right middle cerebral artery,中大脳動脈,FMA50369,Vessel,Head,★★★☆☆,Migraine,BloodVessels,前方循環の主要枝。,16.8×35.2×23.3,is_a,,,
FJ1700M.obj,FJ1700M,Left posterior inferior cerebellar artery,後下小脳動脈(PICA),FMA50520,Vessel,Head,★★★☆☆,Multiple,BloodVessels,椎骨動脈の枝。,11.4×16.9×3.6,part_of,yes,,
FJ1701M.obj,FJ1701M,Left posterior inferior cerebellar artery,後下小脳動脈(PICA),FMA50520,Vessel,Head,★★★☆☆,Multiple,BloodVessels,椎骨動脈の枝。,19.7×14.6×11.7,part_of,yes,,
FJ1702M.obj,FJ1702M,Left posterior inferior cerebellar artery,後下小脳動脈(PICA),FMA50520,Vessel,Head,★★★☆☆,Multiple,BloodVessels,椎骨動脈の枝。,18.5×25×13.2,part_of,yes,,
FJ1703M.obj,FJ1703M,Left posterior inferior cerebellar artery,後下小脳動脈(PICA),FMA50520,Vessel,Head,★★★☆☆,Multiple,BloodVessels,椎骨動脈の枝。,6.2×12.3×19.9,part_of,yes,,
FJ1704M.obj,FJ1704M,Left posterior inferior cerebellar artery,後下小脳動脈(PICA),FMA50520,Vessel,Head,★★★☆☆,Multiple,BloodVessels,椎骨動脈の枝。,13.5×8.1×7.7,part_of,yes,,
FJ1705M.obj,FJ1705M,Left posterior inferior cerebellar artery,後下小脳動脈(PICA),FMA50520,Vessel,Head,★★★☆☆,Multiple,BloodVessels,椎骨動脈の枝。,14×21.2×13.4,part_of,yes,,
FJ1706M.obj,FJ1706M,Left posterior inferior cerebellar artery,後下小脳動脈(PICA),FMA50520,Vessel,Head,★★★☆☆,Multiple,BloodVessels,椎骨動脈の枝。,19.2×12.1×20.3,part_of,yes,,
FJ1707M.obj,FJ1707M,Left posterior inferior cerebellar artery,後下小脳動脈(PICA),FMA50520,Vessel,Head,★★★☆☆,Multiple,BloodVessels,椎骨動脈の枝。,6.5×3.2×5.6,part_of,yes,,
FJ1708M.obj,FJ1708M,Left posterior inferior cerebellar artery,後下小脳動脈(PICA),FMA50520,Vessel,Head,★★★☆☆,Multiple,BloodVessels,椎骨動脈の枝。,3.1×5.3×3,part_of,yes,,
FJ1709M.obj,FJ1709M,Left posterior inferior cerebellar artery,後下小脳動脈(PICA),FMA50520,Vessel,Head,★★★☆☆,Multiple,BloodVessels,椎骨動脈の枝。,4.4×6.4×9.4,part_of,yes,,
FJ1710M.obj,FJ1710M,Left posterior inferior cerebellar artery,後下小脳動脈(PICA),FMA50520,Vessel,Head,★★★☆☆,Multiple,BloodVessels,椎骨動脈の枝。,5×3.4×11,part_of,yes,,
FJ1711M.obj,FJ1711M,Left posterior inferior cerebellar artery,後下小脳動脈(PICA),FMA50520,Vessel,Head,★★★☆☆,Multiple,BloodVessels,椎骨動脈の枝。,27.6×33.2×10.7,part_of,yes,,
FJ1715M.obj,FJ1715M,Left posterior inferior cerebellar artery,後下小脳動脈(PICA),FMA50520,Vessel,Head,★★★☆☆,Multiple,BloodVessels,椎骨動脈の枝。,40.5×37.7×24.9,part_of,yes,,
FJ1700M.obj,FJ1700M,Left posterior inferior cerebellar artery,後下小脳動脈(PICA),FMA50520,Vessel,Head,★★★☆☆,Multiple,BloodVessels,椎骨動脈の枝。,11.4×16.9×3.6,is_a,yes,,
FJ1701M.obj,FJ1701M,Left posterior inferior cerebellar artery,後下小脳動脈(PICA),FMA50520,Vessel,Head,★★★☆☆,Multiple,BloodVessels,椎骨動脈の枝。,19.7×14.6×11.7,is_a,yes,,
FJ1702M.obj,FJ1702M,Left posterior inferior cerebellar artery,後下小脳動脈(PICA),FMA50520,Vessel,Head,★★★☆☆,Multiple,BloodVessels,椎骨動脈の枝。,18.5×25×13.2,is_a,yes,,
FJ1703M.obj,FJ1703M,Left posterior inferior cerebellar artery,後下小脳動脈(PICA),FMA50520,Vessel,Head,★★★☆☆,Multiple,BloodVessels,椎骨動脈の枝。,6.2×12.3×19.9,is_a,yes,,
FJ1704M.obj,FJ1704M,Left posterior inferior cerebellar artery,後下小脳動脈(PICA),FMA50520,Vessel,Head,★★★☆☆,Multiple,BloodVessels,椎骨動脈の枝。,13.5×8.1×7.7,is_a,yes,,
FJ1705M.obj,FJ1705M,Left posterior inferior cerebellar artery,後下小脳動脈(PICA),FMA50520,Vessel,Head,★★★☆☆,Multiple,BloodVessels,椎骨動脈の枝。,14×21.2×13.4,is_a,yes,,
FJ1706M.obj,FJ1706M,Left posterior inferior cerebellar artery,後下小脳動脈(PICA),FMA50520,Vessel,Head,★★★☆☆,Multiple,BloodVessels,椎骨動脈の枝。,19.2×12.1×20.3,is_a,yes,,
FJ1707M.obj,FJ1707M,Left posterior inferior cerebellar artery,後下小脳動脈(PICA),FMA50520,Vessel,Head,★★★☆☆,Multiple,BloodVessels,椎骨動脈の枝。,6.5×3.2×5.6,is_a,yes,,
FJ1708M.obj,FJ1708M,Left posterior inferior cerebellar artery,後下小脳動脈(PICA),FMA50520,Vessel,Head,★★★☆☆,Multiple,BloodVessels,椎骨動脈の枝。,3.1×5.3×3,is_a,yes,,
FJ1709M.obj,FJ1709M,Left posterior inferior cerebellar artery,後下小脳動脈(PICA),FMA50520,Vessel,Head,★★★☆☆,Multiple,BloodVessels,椎骨動脈の枝。,4.4×6.4×9.4,is_a,yes,,
FJ1710M.obj,FJ1710M,Left posterior inferior cerebellar artery,後下小脳動脈(PICA),FMA50520,Vessel,Head,★★★☆☆,Multiple,BloodVessels,椎骨動脈の枝。,5×3.4×11,is_a,yes,,
FJ1711M.obj,FJ1711M,Left posterior inferior cerebellar artery,後下小脳動脈(PICA),FMA50520,Vessel,Head,★★★☆☆,Multiple,BloodVessels,椎骨動脈の枝。,27.6×33.2×10.7,is_a,yes,,
FJ1715M.obj,FJ1715M,Left posterior inferior cerebellar artery,後下小脳動脈(PICA),FMA50520,Vessel,Head,★★★☆☆,Multiple,BloodVessels,椎骨動脈の枝。,40.5×37.7×24.9,is_a,yes,,
FJ1693M.obj,FJ1693M,Middle temporal branch of left middle cerebral artery,中大脳動脈,FMA50468,Vessel,Head,★★★☆☆,Migraine,BloodVessels,前方循環の主要枝。,26.1×51.8×45.6,is_a,yes,,
FJ1693.obj,FJ1693,Middle temporal branch of right middle cerebral artery,中大脳動脈,FMA50467,Vessel,Head,★★★☆☆,Migraine,BloodVessels,前方循環の主要枝。,26.1×51.9×45.6,is_a,,,
FJ1714M.obj,FJ1714M,Postcommunicating part of left posterior cerebral artery,後大脳動脈,FMA50642,Vessel,Head,★★★☆☆,Migraine,BloodVessels,後方循環。視覚前兆に関連。,11.2×36.9×10.1,is_a,yes,,
FJ1714.obj,FJ1714,Postcommunicating part of right posterior cerebral artery,後大脳動脈,FMA50641,Vessel,Head,★★★☆☆,Migraine,BloodVessels,後方循環。視覚前兆に関連。,11.3×36.9×10.2,is_a,,,
FJ1717M.obj,FJ1717M,Posterior temporal branch of left middle cerebral artery,中大脳動脈,FMA50471,Vessel,Head,★★★☆☆,Migraine,BloodVessels,前方循環の主要枝。,22.4×49.7×36,is_a,yes,,
FJ1717.obj,FJ1717,Posterior temporal branch of right middle cerebral artery,中大脳動脈,FMA50470,Vessel,Head,★★★☆☆,Migraine,BloodVessels,前方循環の主要枝。,22.4×49.7×36,is_a,,,
FJ1721M.obj,FJ1721M,Posteromedial central branch of left posterior cerebral artery,後大脳動脈,FMA50661,Vessel,Head,★★★☆☆,Migraine,BloodVessels,後方循環。視覚前兆に関連。,11.5×8.5×7.9,is_a,yes,,
FJ1721.obj,FJ1721,Posteromedial central branch of right posterior cerebral artery,後大脳動脈,FMA50660,Vessel,Head,★★★☆☆,Migraine,BloodVessels,後方循環。視覚前兆に関連。,11.5×8.6×7.9,is_a,,,
FJ1723M.obj,FJ1723M,Precommunicating part of left posterior cerebral artery,後大脳動脈,FMA50640,Vessel,Head,★★★☆☆,Migraine,BloodVessels,後方循環。視覚前兆に関連。,8.6×3.2×5.5,part_of,yes,,
FJ1723M.obj,FJ1723M,Precommunicating part of left posterior cerebral artery,後大脳動脈,FMA50640,Vessel,Head,★★★☆☆,Migraine,BloodVessels,後方循環。視覚前兆に関連。,8.6×3.2×5.5,is_a,yes,,
FJ1723.obj,FJ1723,Precommunicating part of right posterior cerebral artery,後大脳動脈,FMA50639,Vessel,Head,★★★☆☆,Migraine,BloodVessels,後方循環。視覚前兆に関連。,8.7×3.3×5.5,part_of,,,
FJ1723.obj,FJ1723,Precommunicating part of right posterior cerebral artery,後大脳動脈,FMA50639,Vessel,Head,★★★☆☆,Migraine,BloodVessels,後方循環。視覚前兆に関連。,8.7×3.3×5.5,is_a,,,
FJ1700.obj,FJ1700,Right posterior inferior cerebellar artery,後下小脳動脈(PICA),FMA50519,Vessel,Head,★★★☆☆,Multiple,BloodVessels,椎骨動脈の枝。,11.4×16.9×3.6,part_of,,,
FJ1701.obj,FJ1701,Right posterior inferior cerebellar artery,後下小脳動脈(PICA),FMA50519,Vessel,Head,★★★☆☆,Multiple,BloodVessels,椎骨動脈の枝。,19.7×14.6×11.7,part_of,,,
FJ1702.obj,FJ1702,Right posterior inferior cerebellar artery,後下小脳動脈(PICA),FMA50519,Vessel,Head,★★★☆☆,Multiple,BloodVessels,椎骨動脈の枝。,18.5×25×13.2,part_of,,,
FJ1703.obj,FJ1703,Right posterior inferior cerebellar artery,後下小脳動脈(PICA),FMA50519,Vessel,Head,★★★☆☆,Multiple,BloodVessels,椎骨動脈の枝。,6.2×12.3×19.9,part_of,,,
FJ1704.obj,FJ1704,Right posterior inferior cerebellar artery,後下小脳動脈(PICA),FMA50519,Vessel,Head,★★★☆☆,Multiple,BloodVessels,椎骨動脈の枝。,13.5×8.1×7.8,part_of,,,
FJ1705.obj,FJ1705,Right posterior inferior cerebellar artery,後下小脳動脈(PICA),FMA50519,Vessel,Head,★★★☆☆,Multiple,BloodVessels,椎骨動脈の枝。,14.1×21.2×13.5,part_of,,,
FJ1706.obj,FJ1706,Right posterior inferior cerebellar artery,後下小脳動脈(PICA),FMA50519,Vessel,Head,★★★☆☆,Multiple,BloodVessels,椎骨動脈の枝。,19.3×12.1×20.3,part_of,,,
FJ1707.obj,FJ1707,Right posterior inferior cerebellar artery,後下小脳動脈(PICA),FMA50519,Vessel,Head,★★★☆☆,Multiple,BloodVessels,椎骨動脈の枝。,6.5×3.2×5.6,part_of,,,
FJ1708.obj,FJ1708,Right posterior inferior cerebellar artery,後下小脳動脈(PICA),FMA50519,Vessel,Head,★★★☆☆,Multiple,BloodVessels,椎骨動脈の枝。,3.1×5.3×3,part_of,,,
FJ1709.obj,FJ1709,Right posterior inferior cerebellar artery,後下小脳動脈(PICA),FMA50519,Vessel,Head,★★★☆☆,Multiple,BloodVessels,椎骨動脈の枝。,4.4×6.4×9.4,part_of,,,
FJ1710.obj,FJ1710,Right posterior inferior cerebellar artery,後下小脳動脈(PICA),FMA50519,Vessel,Head,★★★☆☆,Multiple,BloodVessels,椎骨動脈の枝。,5×3.4×11,part_of,,,
FJ1711.obj,FJ1711,Right posterior inferior cerebellar artery,後下小脳動脈(PICA),FMA50519,Vessel,Head,★★★☆☆,Multiple,BloodVessels,椎骨動脈の枝。,27.6×33.2×10.8,part_of,,,
FJ1715.obj,FJ1715,Right posterior inferior cerebellar artery,後下小脳動脈(PICA),FMA50519,Vessel,Head,★★★☆☆,Multiple,BloodVessels,椎骨動脈の枝。,40.6×37.7×24.9,part_of,,,
FJ1700.obj,FJ1700,Right posterior inferior cerebellar artery,後下小脳動脈(PICA),FMA50519,Vessel,Head,★★★☆☆,Multiple,BloodVessels,椎骨動脈の枝。,11.4×16.9×3.6,is_a,,,
FJ1701.obj,FJ1701,Right posterior inferior cerebellar artery,後下小脳動脈(PICA),FMA50519,Vessel,Head,★★★☆☆,Multiple,BloodVessels,椎骨動脈の枝。,19.7×14.6×11.7,is_a,,,
FJ1702.obj,FJ1702,Right posterior inferior cerebellar artery,後下小脳動脈(PICA),FMA50519,Vessel,Head,★★★☆☆,Multiple,BloodVessels,椎骨動脈の枝。,18.5×25×13.2,is_a,,,
FJ1703.obj,FJ1703,Right posterior inferior cerebellar artery,後下小脳動脈(PICA),FMA50519,Vessel,Head,★★★☆☆,Multiple,BloodVessels,椎骨動脈の枝。,6.2×12.3×19.9,is_a,,,
FJ1704.obj,FJ1704,Right posterior inferior cerebellar artery,後下小脳動脈(PICA),FMA50519,Vessel,Head,★★★☆☆,Multiple,BloodVessels,椎骨動脈の枝。,13.5×8.1×7.8,is_a,,,
FJ1705.obj,FJ1705,Right posterior inferior cerebellar artery,後下小脳動脈(PICA),FMA50519,Vessel,Head,★★★☆☆,Multiple,BloodVessels,椎骨動脈の枝。,14.1×21.2×13.5,is_a,,,
FJ1706.obj,FJ1706,Right posterior inferior cerebellar artery,後下小脳動脈(PICA),FMA50519,Vessel,Head,★★★☆☆,Multiple,BloodVessels,椎骨動脈の枝。,19.3×12.1×20.3,is_a,,,
FJ1707.obj,FJ1707,Right posterior inferior cerebellar artery,後下小脳動脈(PICA),FMA50519,Vessel,Head,★★★☆☆,Multiple,BloodVessels,椎骨動脈の枝。,6.5×3.2×5.6,is_a,,,
FJ1708.obj,FJ1708,Right posterior inferior cerebellar artery,後下小脳動脈(PICA),FMA50519,Vessel,Head,★★★☆☆,Multiple,BloodVessels,椎骨動脈の枝。,3.1×5.3×3,is_a,,,
FJ1709.obj,FJ1709,Right posterior inferior cerebellar artery,後下小脳動脈(PICA),FMA50519,Vessel,Head,★★★☆☆,Multiple,BloodVessels,椎骨動脈の枝。,4.4×6.4×9.4,is_a,,,
FJ1710.obj,FJ1710,Right posterior inferior cerebellar artery,後下小脳動脈(PICA),FMA50519,Vessel,Head,★★★☆☆,Multiple,BloodVessels,椎骨動脈の枝。,5×3.4×11,is_a,,,
FJ1711.obj,FJ1711,Right posterior inferior cerebellar artery,後下小脳動脈(PICA),FMA50519,Vessel,Head,★★★☆☆,Multiple,BloodVessels,椎骨動脈の枝。,27.6×33.2×10.8,is_a,,,
FJ1715.obj,FJ1715,Right posterior inferior cerebellar artery,後下小脳動脈(PICA),FMA50519,Vessel,Head,★★★☆☆,Multiple,BloodVessels,椎骨動脈の枝。,40.6×37.7×24.9,is_a,,,
FJ1692M.obj,FJ1692M,Sphenoid part of left middle cerebral artery,中大脳動脈,FMA50367,Vessel,Head,★★★☆☆,Migraine,BloodVessels,前方循環の主要枝。,31.2×12.3×15.1,is_a,yes,,
FJ1692.obj,FJ1692,Sphenoid part of right middle cerebral artery,中大脳動脈,FMA50366,Vessel,Head,★★★☆☆,Migraine,BloodVessels,前方循環の主要枝。,31.2×12.3×15.2,part_of,,,
FJ1692.obj,FJ1692,Sphenoid part of right middle cerebral artery,中大脳動脈,FMA50366,Vessel,Head,★★★☆☆,Migraine,BloodVessels,前方循環の主要枝。,31.2×12.3×15.2,is_a,,,
FJ1729M.obj,FJ1729M,Temporo-occipital branch of left middle cerebral artery,中大脳動脈,FMA50474,Vessel,Head,★★★☆☆,Migraine,BloodVessels,前方循環の主要枝。,47.3×115.7×47,is_a,yes,,
FJ1729.obj,FJ1729,Temporo-occipital branch of right middle cerebral artery,中大脳動脈,FMA50473,Vessel,Head,★★★☆☆,Migraine,BloodVessels,前方循環の主要枝。,47.3×115.7×47,is_a,,,
FJ1718M.obj,FJ1718M,Trunk of inferior terminal branch of left middle cerebral artery,中大脳動脈,FMA76129,Vessel,Head,★★★☆☆,Migraine,BloodVessels,前方循環の主要枝。,17.6×7.1×17,is_a,yes,,
FJ1718.obj,FJ1718,Trunk of inferior terminal branch of right middle cerebral artery,中大脳動脈,FMA76128,Vessel,Head,★★★☆☆,Migraine,BloodVessels,前方循環の主要枝。,17.6×7.2×17.1,is_a,,,
FJ3200.obj,FJ3200,Frontal bone,前頭骨,FMA52734,Bone,Head,★★★☆☆,Multiple,Bones,前頭部の骨。前頭洞性頭痛に関与。,125.3×70.7×109,part_of,,,
FJ3200.obj,FJ3200,Frontal bone,前頭骨,FMA52734,Bone,Head,★★★☆☆,Multiple,Bones,前頭部の骨。前頭洞性頭痛に関与。,125.3×70.7×109,is_a,,,
FJ3281.obj,FJ3281,Left temporal bone,側頭骨,FMA52739,Bone,Head,★★★☆☆,Migraine,Bones,側頭部の骨。側頭動脈・側頭筋が近接。,61×98.5×76,part_of,,,
FJ3281.obj,FJ3281,Left temporal bone,側頭骨,FMA52739,Bone,Head,★★★☆☆,Migraine,Bones,側頭部の骨。側頭動脈・側頭筋が近接。,61×98.5×76,is_a,,,
FJ3289.obj,FJ3289,Mandible,下顎骨,FMA52748,Bone,Neck,★★★☆☆,Tension,Bones,顎関節。咀嚼筋を介して緊張型頭痛に関与。,106.4×84×84.5,part_of,,,
FJ3289.obj,FJ3289,Mandible,下顎骨,FMA52748,Bone,Neck,★★★☆☆,Tension,Bones,顎関節。咀嚼筋を介して緊張型頭痛に関与。,106.4×84×84.5,is_a,,,
FJ3386.obj,FJ3386,Right temporal bone,側頭骨,FMA52738,Bone,Head,★★★☆☆,Migraine,Bones,側頭部の骨。側頭動脈・側頭筋が近接。,61.3×98.7×76,part_of,,,
FJ3386.obj,FJ3386,Right temporal bone,側頭骨,FMA52738,Bone,Head,★★★☆☆,Migraine,Bones,側頭部の骨。側頭動脈・側頭筋が近接。,61.3×98.7×76,is_a,,,
FJ3394.obj,FJ3394,Sphenoid bone,蝶形骨,FMA52736,Bone,Head,★★★☆☆,Cluster,Bones,頭蓋底中央の骨。海綿静脈洞・下垂体が近接。,111.4×54.6×69.5,part_of,,,
FJ3394.obj,FJ3394,Sphenoid bone,蝶形骨,FMA52736,Bone,Head,★★★☆☆,Cluster,Bones,頭蓋底中央の骨。海綿静脈洞・下垂体が近接。,111.4×54.6×69.5,is_a,,,
FJ1781.obj,FJ1781,Cerebellum,小脳,FMA67944,Brain,Head,★★★☆☆,Multiple,Brain,運動協調の中枢。後頭蓋窩に位置。,53.3×56.3×53.3,part_of,,,
FJ1830.obj,FJ1830,Cerebellum,小脳,FMA67944,Brain,Head,★★★☆☆,Multiple,Brain,運動協調の中枢。後頭蓋窩に位置。,53.3×56.3×53.3,part_of,,,
FJ1781.obj,FJ1781,Cerebellum,小脳,FMA67944,Brain,Head,★★★☆☆,Multiple,Brain,運動協調の中枢。後頭蓋窩に位置。,53.3×56.3×53.3,is_a,,,
FJ1830.obj,FJ1830,Cerebellum,小脳,FMA67944,Brain,Head,★★★☆☆,Multiple,Brain,運動協調の中枢。後頭蓋窩に位置。,53.3×56.3×53.3,is_a,,,
FJ1777.obj,FJ1777,Left stria medullaris of thalamus,視床,FMA73414,Brain,Head,★★★☆☆,Multiple,Brain,感覚中継核。中枢性感作に関与。,3.9×36.8×15.7,is_a,,,
FJ1782.obj,FJ1782,Left thalamus,視床,FMA258716,Brain,Head,★★★☆☆,Multiple,Brain,感覚中継核。中枢性感作に関与。,23.5×36.6×23.7,is_a,,,
FJ1770.obj,FJ1770,Midbrain,中脳,FMA61993,Brain,Head,★★★☆☆,Multiple,Brain,脳幹上部。,14.7×29.3×17,part_of,,,
FJ1817.obj,FJ1817,Midbrain,中脳,FMA61993,Brain,Head,★★★☆☆,Multiple,Brain,脳幹上部。,14.7×29.4×17,part_of,,,
FJ1770.obj,FJ1770,Midbrain,中脳,FMA61993,Brain,Head,★★★☆☆,Multiple,Brain,脳幹上部。,14.7×29.3×17,is_a,,,
FJ1817.obj,FJ1817,Midbrain,中脳,FMA61993,Brain,Head,★★★☆☆,Multiple,Brain,脳幹上部。,14.7×29.4×17,is_a,,,
FJ1774.obj,FJ1774,Peduncle of midbrain,中脳,FMA62394,Brain,Head,★★★☆☆,Multiple,Brain,脳幹上部。,19.4×23×16.8,is_a,,,
FJ1821.obj,FJ1821,Peduncle of midbrain,中脳,FMA62394,Brain,Head,★★★☆☆,Multiple,Brain,脳幹上部。,19.4×23×16.8,is_a,,,
FJ1796.obj,FJ1796,Pituitary gland,下垂体,FMA13889,Brain,Head,★★★☆☆,Cluster,Brain,下垂体。群発頭痛・二次性頭痛に関与。,12.4×9.5×13,part_of,,,
FJ1796.obj,FJ1796,Pituitary gland,下垂体,FMA13889,Brain,Head,★★★☆☆,Cluster,Brain,下垂体。群発頭痛・二次性頭痛に関与。,12.4×9.5×13,is_a,,,
FJ1775.obj,FJ1775,Pons,橋,FMA67943,Brain,Head,★★★☆☆,Migraine,Brain,脳幹。片頭痛発作で活性化する(migraine generator)。,21.1×34.4×28.6,part_of,,,
FJ1822.obj,FJ1822,Pons,橋,FMA67943,Brain,Head,★★★☆☆,Migraine,Brain,脳幹。片頭痛発作で活性化する(migraine generator)。,21.2×34.4×28.6,part_of,,,
FJ1775.obj,FJ1775,Pons,橋,FMA67943,Brain,Head,★★★☆☆,Migraine,Brain,脳幹。片頭痛発作で活性化する(migraine generator)。,21.1×34.4×28.6,is_a,,,
FJ1822.obj,FJ1822,Pons,橋,FMA67943,Brain,Head,★★★☆☆,Migraine,Brain,脳幹。片頭痛発作で活性化する(migraine generator)。,21.2×34.4×28.6,is_a,,,
FJ1824.obj,FJ1824,Right stria medullaris of thalamus,視床,FMA73413,Brain,Head,★★★☆☆,Multiple,Brain,感覚中継核。中枢性感作に関与。,3.9×36.8×15.6,is_a,,,
FJ1827.obj,FJ1827,Right thalamus,視床,FMA258714,Brain,Head,★★★☆☆,Multiple,Brain,感覚中継核。中枢性感作に関与。,23.5×36.6×23.7,is_a,,,
FJ1557.obj,FJ1557,Inferior oblique part of left longus colli,頚長筋,FMA46288,Muscle,Neck,★★★☆☆,Cervicogenic,Muscles,頸部前面深層の筋。,21.5×21×79.6,is_a,,,
FJ1532M.obj,FJ1532M,Left levator scapulae,肩甲挙筋,FMA32541,Muscle,Neck,★★★☆☆,Tension,Muscles,肩甲骨挙上筋。緊張型頭痛に関与。,60×70.4×159.2,part_of,yes,,
FJ1532M.obj,FJ1532M,Left levator scapulae,肩甲挙筋,FMA32541,Muscle,Neck,★★★☆☆,Tension,Muscles,肩甲骨挙上筋。緊張型頭痛に関与。,60×70.4×159.2,is_a,yes,,
FJ1561.obj,FJ1561,Left longus capitis,頭長筋,FMA46310,Muscle,Neck,★★★☆☆,Cervicogenic,Muscles,頸部前面深層の筋。,24.5×17.8×110.9,is_a,,,
FJ1539M.obj,FJ1539M,Left semispinalis cervicis,頚半棘筋,FMA22875,Muscle,Neck,★★★☆☆,Cervicogenic,Muscles,頸部後面深層の筋。,30.6×45.9×148.6,is_a,yes,,
FJ1546M.obj,FJ1546M,Left splenius cervicis,頚板状筋,FMA22727,Muscle,Neck,★★★☆☆,Cervicogenic,Muscles,頸部後面の筋。,42.8×82×254.2,is_a,yes,,
FJ1532.obj,FJ1532,Right levator scapulae,肩甲挙筋,FMA32540,Muscle,Neck,★★★☆☆,Tension,Muscles,肩甲骨挙上筋。緊張型頭痛に関与。,60×70.4×159.2,part_of,,,
FJ1532.obj,FJ1532,Right levator scapulae,肩甲挙筋,FMA32540,Muscle,Neck,★★★☆☆,Tension,Muscles,肩甲骨挙上筋。緊張型頭痛に関与。,60×70.4×159.2,is_a,,,
FJ1582.obj,FJ1582,Right longus capitis,頭長筋,FMA46309,Muscle,Neck,★★★☆☆,Cervicogenic,Muscles,頸部前面深層の筋。,24.5×17.9×111,is_a,,,
FJ1539.obj,FJ1539,Right semispinalis cervicis,頚半棘筋,FMA22874,Muscle,Neck,★★★☆☆,Cervicogenic,Muscles,頸部後面深層の筋。,30.6×46.1×148.6,is_a,,,
FJ1546.obj,FJ1546,Right splenius cervicis,頚板状筋,FMA22726,Muscle,Neck,★★★☆☆,Cervicogenic,Muscles,頸部後面の筋。,42.8×82.1×254.2,is_a,,,
FJ1600.obj,FJ1600,Superior oblique part of left longus colli,頚長筋,FMA46284,Muscle,Neck,★★★☆☆,Cervicogenic,Muscles,頸部前面深層の筋。,25.3×17×67.2,is_a,,,
FJ1601.obj,FJ1601,Vertical intermediate part of left longus colli,頚長筋,FMA46286,Muscle,Neck,★★★☆☆,Cervicogenic,Muscles,頸部前面深層の筋。,15.2×16.7×137.7,is_a,,,
FJ1293.obj,FJ1293,Inferior branch of left oculomotor nerve,動眼神経,FMA52577,Nerve,Head,★★★☆☆,Cluster,Nerves,第3脳神経。群発頭痛の眼症状に関連。,24.7×35.9×25.3,is_a,,,
FJ1344.obj,FJ1344,Inferior branch of right oculomotor nerve,動眼神経,FMA52576,Nerve,Head,★★★☆☆,Cluster,Nerves,第3脳神経。群発頭痛の眼症状に関連。,24.6×35.9×25.3,is_a,,,
FJ1290.obj,FJ1290,Left frontal nerve,前頭神経,FMA52640,Nerve,Head,★★★☆☆,Migraine,Nerves,V1 の主要枝。,5.4×21.6×11.8,is_a,,,
FJ1313.obj,FJ1313,Left optic nerve,視神経,FMA50878,Nerve,Head,★★★☆☆,Multiple,Nerves,第2脳神経。視覚前兆の関連構造として。,30.1×40.4×24,is_a,,,
FJ1772.obj,FJ1772,Left optic nerve,視神経,FMA50878,Nerve,Head,★★★☆☆,Multiple,Nerves,第2脳神経。視覚前兆の関連構造として。,32×49.6×22.1,is_a,,,
FJ1326.obj,FJ1326,Left supratrochlear nerve,滑車上神経,FMA52644,Nerve,Head,★★★☆☆,Migraine,Nerves,V1 終枝。前額内側の感覚。,23.2×37.4×20.2,is_a,,,
FJ1341.obj,FJ1341,Right frontal nerve,前頭神経,FMA52639,Nerve,Head,★★★☆☆,Migraine,Nerves,V1 の主要枝。,5.4×21.7×11.8,is_a,,,
FJ1364.obj,FJ1364,Right optic nerve,視神経,FMA50875,Nerve,Head,★★★☆☆,Multiple,Nerves,第2脳神経。視覚前兆の関連構造として。,30.1×40.4×24,is_a,,,
FJ1819.obj,FJ1819,Right optic nerve,視神経,FMA50875,Nerve,Head,★★★☆☆,Multiple,Nerves,第2脳神経。視覚前兆の関連構造として。,32×49.6×22.1,is_a,,,
FJ1377.obj,FJ1377,Right supratrochlear nerve,滑車上神経,FMA52643,Nerve,Head,★★★☆☆,Migraine,Nerves,V1 終枝。前額内側の感覚。,23.2×37.4×20.2,is_a,,,
FJ1321.obj,FJ1321,Superior branch of left oculomotor nerve,動眼神経,FMA52575,Nerve,Head,★★★☆☆,Cluster,Nerves,第3脳神経。群発頭痛の眼症状に関連。,12.4×26.1×9.7,is_a,,,
FJ1372.obj,FJ1372,Superior branch of right oculomotor nerve,動眼神経,FMA52574,Nerve,Head,★★★☆☆,Cluster,Nerves,第3脳神経。群発頭痛の眼症状に関連。,12.5×26.1×9.7,is_a,,,
FJ1654M.obj,FJ1654M,Left anterior cerebral artery,前大脳動脈,FMA50030,Vessel,Head,★★☆☆☆,Migraine,BloodVessels,前方循環。,14.3×12.2×14.1,part_of,yes,,
FJ1654M.obj,FJ1654M,Left anterior cerebral artery,前大脳動脈,FMA50030,Vessel,Head,★★☆☆☆,Migraine,BloodVessels,前方循環。,14.3×12.2×14.1,is_a,yes,,
FJ3485.obj,FJ3485,Left internal jugular vein,内頚静脈,FMA4762,Vessel,Neck,★★☆☆☆,Multiple,BloodVessels,頭頸部の主要静脈路。,12.8×10.4×43,is_a,,,
FJ1654.obj,FJ1654,Right anterior cerebral artery,前大脳動脈,FMA50029,Vessel,Head,★★☆☆☆,Migraine,BloodVessels,前方循環。,14.4×12.3×14.1,part_of,,,
FJ1654.obj,FJ1654,Right anterior cerebral artery,前大脳動脈,FMA50029,Vessel,Head,★★☆☆☆,Migraine,BloodVessels,前方循環。,14.4×12.3×14.1,is_a,,,
FJ3585.obj,FJ3585,Right internal jugular vein,内頚静脈,FMA4754,Vessel,Neck,★★☆☆☆,Multiple,BloodVessels,頭頸部の主要静脈路。,9.4×9.2×41.3,part_of,,,
FJ3585.obj,FJ3585,Right internal jugular vein,内頚静脈,FMA4754,Vessel,Neck,★★☆☆☆,Multiple,BloodVessels,頭頸部の主要静脈路。,9.4×9.2×41.3,is_a,,,
FJ3274.obj,FJ3274,Left parietal bone,頭頂骨,FMA52789,Bone,Head,★★☆☆☆,Multiple,Bones,頭頂部の骨。,82.7×146.6×118.5,part_of,,,
FJ3274.obj,FJ3274,Left parietal bone,頭頂骨,FMA52789,Bone,Head,★★☆☆☆,Multiple,Bones,頭頂部の骨。,82.7×146.6×118.5,is_a,,,
FJ3380.obj,FJ3380,Right parietal bone,頭頂骨,FMA52788,Bone,Head,★★☆☆☆,Multiple,Bones,頭頂部の骨。,81.2×142.7×118.4,part_of,,,
FJ3380.obj,FJ3380,Right parietal bone,頭頂骨,FMA52788,Bone,Head,★★☆☆☆,Multiple,Bones,頭頂部の骨。,81.2×142.7×118.4,is_a,,,
FJ1566.obj,FJ1566,Left rectus capitis anterior,前頭直筋,FMA46314,Muscle,Head,★★☆☆☆,Cervicogenic,Muscles,後頭下前方の小筋。,25.7×10.4×21.7,is_a,,,
FJ1569.obj,FJ1569,Left rectus capitis lateralis,外側頭直筋,FMA46318,Muscle,Neck,★★☆☆☆,Cervicogenic,Muscles,後頭下外側の小筋。,14.1×15.9×23.1,is_a,,,
FJ1588.obj,FJ1588,Right rectus capitis anterior,前頭直筋,FMA46313,Muscle,Head,★★☆☆☆,Cervicogenic,Muscles,後頭下前方の小筋。,48.9×9.7×20.9,is_a,,,
FJ1591.obj,FJ1591,Right rectus capitis lateralis,外側頭直筋,FMA46317,Muscle,Neck,★★☆☆☆,Cervicogenic,Muscles,後頭下外側の小筋。,13.2×16.3×21.5,is_a,,,
FJ1311.obj,FJ1311,Communicating branch of left nasociliary nerve with left ciliary ganglion,鼻毛様体神経,FMA52674,Nerve,Head,★★☆☆☆,Migraine,Nerves,V1 枝。,8.3×6.3×4.2,is_a,,,
FJ1362.obj,FJ1362,Communicating branch of right nasociliary nerve with right ciliary ganglion,鼻毛様体神経,FMA52673,Nerve,Head,★★☆☆☆,Migraine,Nerves,V1 枝。,8.3×6.4×4.2,is_a,,,
FJ1288.obj,FJ1288,Left ciliary ganglion,毛様体神経節,FMA53550,Nerve,Head,★★☆☆☆,Cluster,Nerves,副交感神経節。,3.3×3.3×2.6,is_a,,,
FJ1296.obj,FJ1296,Left infratrochlear nerve,滑車下神経,FMA52699,Nerve,Head,★★☆☆☆,Migraine,Nerves,V1 終枝。,3.6×5.2×9.6,is_a,,,
FJ1300.obj,FJ1300,Left lacrimal nerve,涙腺神経,FMA52630,Nerve,Head,★★☆☆☆,Cluster,Nerves,V1 枝。群発頭痛の自律神経症状に関連。,23.4×35.5×7.9,is_a,,,
FJ1310.obj,FJ1310,Left nasociliary nerve,鼻毛様体神経,FMA52670,Nerve,Head,★★☆☆☆,Migraine,Nerves,V1 枝。,17.8×74.8×15.5,is_a,,,
FJ1330.obj,FJ1330,Left trochlear nerve,滑車神経,FMA50882,Nerve,Head,★★☆☆☆,Multiple,Nerves,第4脳神経。,9.1×79.2×11.8,is_a,,,
FJ1339.obj,FJ1339,Right ciliary ganglion,毛様体神経節,FMA53549,Nerve,Head,★★☆☆☆,Cluster,Nerves,副交感神経節。,3.3×3.3×2.6,is_a,,,
FJ1347.obj,FJ1347,Right infratrochlear nerve,滑車下神経,FMA52698,Nerve,Head,★★☆☆☆,Migraine,Nerves,V1 終枝。,3.6×5.2×9.6,is_a,,,
FJ1351.obj,FJ1351,Right lacrimal nerve,涙腺神経,FMA52629,Nerve,Head,★★☆☆☆,Cluster,Nerves,V1 枝。群発頭痛の自律神経症状に関連。,23.4×35.5×7.9,is_a,,,
FJ1361.obj,FJ1361,Right nasociliary nerve,鼻毛様体神経,FMA52669,Nerve,Head,★★☆☆☆,Migraine,Nerves,V1 枝。,17.9×74.8×15.5,is_a,,,
FJ1381.obj,FJ1381,Right trochlear nerve,滑車神経,FMA50881,Nerve,Head,★★☆☆☆,Multiple,Nerves,第4脳神経。,9.1×79.2×11.8,is_a,,,
FJ3202.obj,FJ3202,Intervertebral disk of axis,椎間板,FMA25058,Other,Neck,★★☆☆☆,Cervicogenic,Others,頚椎の椎間板。椎間関節性の頸原性頭痛に関与。,25.1×18×9.5,part_of,,,
FJ3202.obj,FJ3202,Intervertebral disk of axis,椎間板,FMA25058,Other,Neck,★★☆☆☆,Cervicogenic,Others,頚椎の椎間板。椎間関節性の頸原性頭痛に関与。,25.1×18×9.5,is_a,,,
FJ3207.obj,FJ3207,Intervertebral disk of eighth thoracic vertebra,椎間板,FMA13505,Other,Other,★★☆☆☆,Cervicogenic,Others,頚椎の椎間板。椎間関節性の頸原性頭痛に関与。,35.6×35.8×14.6,part_of,,,
FJ3207.obj,FJ3207,Intervertebral disk of eighth thoracic vertebra,椎間板,FMA13505,Other,Other,★★☆☆☆,Cervicogenic,Others,頚椎の椎間板。椎間関節性の頸原性頭痛に関与。,35.6×35.8×14.6,is_a,,,
FJ3210.obj,FJ3210,Intervertebral disk of eleventh thoracic vertebra,椎間板,FMA13508,Other,Other,★★☆☆☆,Cervicogenic,Others,頚椎の椎間板。椎間関節性の頸原性頭痛に関与。,40.2×40×16.6,part_of,,,
FJ3210.obj,FJ3210,Intervertebral disk of eleventh thoracic vertebra,椎間板,FMA13508,Other,Other,★★☆☆☆,Cervicogenic,Others,頚椎の椎間板。椎間関節性の頸原性頭痛に関与。,40.2×40×16.6,is_a,,,
FJ3219.obj,FJ3219,Intervertebral disk of fifth cervical vertebra,椎間板,FMA13898,Other,Neck,★★☆☆☆,Cervicogenic,Others,頚椎の椎間板。椎間関節性の頸原性頭痛に関与。,28.3×16.5×10.8,part_of,,,
FJ3219.obj,FJ3219,Intervertebral disk of fifth cervical vertebra,椎間板,FMA13898,Other,Neck,★★☆☆☆,Cervicogenic,Others,頚椎の椎間板。椎間関節性の頸原性頭痛に関与。,28.3×16.5×10.8,is_a,,,
FJ3217.obj,FJ3217,Intervertebral disk of fifth lumbar vertebra,椎間板,FMA16037,Other,Other,★★☆☆☆,Cervicogenic,Others,頚椎の椎間板。椎間関節性の頸原性頭痛に関与。,47.3×37.1×28.9,part_of,,,
FJ3217.obj,FJ3217,Intervertebral disk of fifth lumbar vertebra,椎間板,FMA16037,Other,Other,★★☆☆☆,Cervicogenic,Others,頚椎の椎間板。椎間関節性の頸原性頭痛に関与。,47.3×37.1×28.9,is_a,,,
FJ3204.obj,FJ3204,Intervertebral disk of fifth thoracic vertebra,椎間板,FMA13502,Other,Other,★★☆☆☆,Cervicogenic,Others,頚椎の椎間板。椎間関節性の頸原性頭痛に関与。,30.6×31.7×10.5,part_of,,,
FJ3204.obj,FJ3204,Intervertebral disk of fifth thoracic vertebra,椎間板,FMA13502,Other,Other,★★☆☆☆,Cervicogenic,Others,頚椎の椎間板。椎間関節性の頸原性頭痛に関与。,30.6×31.7×10.5,is_a,,,
FJ3212.obj,FJ3212,Intervertebral disk of first lumbar vertebra,椎間板,FMA16033,Other,Other,★★☆☆☆,Cervicogenic,Others,頚椎の椎間板。椎間関節性の頸原性頭痛に関与。,42.5×37.8×16,part_of,,,
FJ3212.obj,FJ3212,Intervertebral disk of first lumbar vertebra,椎間板,FMA16033,Other,Other,★★☆☆☆,Cervicogenic,Others,頚椎の椎間板。椎間関節性の頸原性頭痛に関与。,42.5×37.8×16,is_a,,,
FJ3222.obj,FJ3222,Intervertebral disk of first thoracic vertebra,椎間板,FMA10458,Other,Neck,★★☆☆☆,Cervicogenic,Others,頚椎の椎間板。椎間関節性の頸原性頭痛に関与。,32.6×19.9×12.8,part_of,,,
FJ3222.obj,FJ3222,Intervertebral disk of first thoracic vertebra,椎間板,FMA10458,Other,Neck,★★☆☆☆,Cervicogenic,Others,頚椎の椎間板。椎間関節性の頸原性頭痛に関与。,32.6×19.9×12.8,is_a,,,
FJ3218.obj,FJ3218,Intervertebral disk of fourth cervical vertebra,椎間板,FMA13897,Other,Neck,★★☆☆☆,Cervicogenic,Others,頚椎の椎間板。椎間関節性の頸原性頭痛に関与。,25.5×17.1×10.6,part_of,,,
FJ3218.obj,FJ3218,Intervertebral disk of fourth cervical vertebra,椎間板,FMA13897,Other,Neck,★★☆☆☆,Cervicogenic,Others,頚椎の椎間板。椎間関節性の頸原性頭痛に関与。,25.5×17.1×10.6,is_a,,,
FJ3216.obj,FJ3216,Intervertebral disk of fourth lumbar vertebra,椎間板,FMA16036,Other,Other,★★☆☆☆,Cervicogenic,Others,頚椎の椎間板。椎間関節性の頸原性頭痛に関与。,49.2×38.5×23,part_of,,,
FJ3216.obj,FJ3216,Intervertebral disk of fourth lumbar vertebra,椎間板,FMA16036,Other,Other,★★☆☆☆,Cervicogenic,Others,頚椎の椎間板。椎間関節性の頸原性頭痛に関与。,49.2×38.5×23,is_a,,,
FJ3203.obj,FJ3203,Intervertebral disk of fourth thoracic vertebra,椎間板,FMA13501,Other,Other,★★☆☆☆,Cervicogenic,Others,頚椎の椎間板。椎間関節性の頸原性頭痛に関与。,29.7×29.1×13.3,part_of,,,
FJ3203.obj,FJ3203,Intervertebral disk of fourth thoracic vertebra,椎間板,FMA13501,Other,Other,★★☆☆☆,Cervicogenic,Others,頚椎の椎間板。椎間関節性の頸原性頭痛に関与。,29.7×29.1×13.3,is_a,,,
FJ3208.obj,FJ3208,Intervertebral disk of ninth thoracic vertebra,椎間板,FMA13506,Other,Other,★★☆☆☆,Cervicogenic,Others,頚椎の椎間板。椎間関節性の頸原性頭痛に関与。,37.8×36×15.4,part_of,,,
FJ3208.obj,FJ3208,Intervertebral disk of ninth thoracic vertebra,椎間板,FMA13506,Other,Other,★★☆☆☆,Cervicogenic,Others,頚椎の椎間板。椎間関節性の頸原性頭痛に関与。,37.8×36×15.4,is_a,,,
FJ3214.obj,FJ3214,Intervertebral disk of second lumbar vertebra,椎間板,FMA16034,Other,Other,★★☆☆☆,Cervicogenic,Others,頚椎の椎間板。椎間関節性の頸原性頭痛に関与。,44.6×37.9×11.5,part_of,,,
FJ3214.obj,FJ3214,Intervertebral disk of second lumbar vertebra,椎間板,FMA16034,Other,Other,★★☆☆☆,Cervicogenic,Others,頚椎の椎間板。椎間関節性の頸原性頭痛に関与。,44.6×37.9×11.5,is_a,,,
FJ3223.obj,FJ3223,Intervertebral disk of second thoracic vertebra,椎間板,FMA13495,Other,Other,★★☆☆☆,Cervicogenic,Others,頚椎の椎間板。椎間関節性の頸原性頭痛に関与。,31.9×22.9×14.9,part_of,,,
FJ3223.obj,FJ3223,Intervertebral disk of second thoracic vertebra,椎間板,FMA13495,Other,Other,★★☆☆☆,Cervicogenic,Others,頚椎の椎間板。椎間関節性の頸原性頭痛に関与。,31.9×22.9×14.9,is_a,,,
FJ3221.obj,FJ3221,Intervertebral disk of seventh cervical vertebra,椎間板,FMA13900,Other,Neck,★★☆☆☆,Cervicogenic,Others,頚椎の椎間板。椎間関節性の頸原性頭痛に関与。,31.3×17.8×11.7,part_of,,,
FJ3221.obj,FJ3221,Intervertebral disk of seventh cervical vertebra,椎間板,FMA13900,Other,Neck,★★☆☆☆,Cervicogenic,Others,頚椎の椎間板。椎間関節性の頸原性頭痛に関与。,31.3×17.8×11.7,is_a,,,
FJ3206.obj,FJ3206,Intervertebral disk of seventh thoracic vertebra,椎間板,FMA13504,Other,Other,★★☆☆☆,Cervicogenic,Others,頚椎の椎間板。椎間関節性の頸原性頭痛に関与。,33.9×36.6×12.2,part_of,,,
FJ3206.obj,FJ3206,Intervertebral disk of seventh thoracic vertebra,椎間板,FMA13504,Other,Other,★★☆☆☆,Cervicogenic,Others,頚椎の椎間板。椎間関節性の頸原性頭痛に関与。,33.9×36.6×12.2,is_a,,,
FJ3220.obj,FJ3220,Intervertebral disk of sixth cervical vertebra,椎間板,FMA13899,Other,Neck,★★☆☆☆,Cervicogenic,Others,頚椎の椎間板。椎間関節性の頸原性頭痛に関与。,28.2×16.8×9.6,part_of,,,
FJ3220.obj,FJ3220,Intervertebral disk of sixth cervical vertebra,椎間板,FMA13899,Other,Neck,★★☆☆☆,Cervicogenic,Others,頚椎の椎間板。椎間関節性の頸原性頭痛に関与。,28.2×16.8×9.6,is_a,,,
FJ3205.obj,FJ3205,Intervertebral disk of sixth thoracic vertebra,椎間板,FMA13503,Other,Other,★★☆☆☆,Cervicogenic,Others,頚椎の椎間板。椎間関節性の頸原性頭痛に関与。,34×35.6×12.1,part_of,,,
FJ3205.obj,FJ3205,Intervertebral disk of sixth thoracic vertebra,椎間板,FMA13503,Other,Other,★★☆☆☆,Cervicogenic,Others,頚椎の椎間板。椎間関節性の頸原性頭痛に関与。,34×35.6×12.1,is_a,,,
FJ3209.obj,FJ3209,Intervertebral disk of tenth thoracic vertebra,椎間板,FMA13507,Other,Other,★★☆☆☆,Cervicogenic,Others,頚椎の椎間板。椎間関節性の頸原性頭痛に関与。,38.6×38.1×15.4,part_of,,,
FJ3209.obj,FJ3209,Intervertebral disk of tenth thoracic vertebra,椎間板,FMA13507,Other,Other,★★☆☆☆,Cervicogenic,Others,頚椎の椎間板。椎間関節性の頸原性頭痛に関与。,38.6×38.1×15.4,is_a,,,
FJ3213.obj,FJ3213,Intervertebral disk of third cervical vertebra,椎間板,FMA13896,Other,Neck,★★☆☆☆,Cervicogenic,Others,頚椎の椎間板。椎間関節性の頸原性頭痛に関与。,22.6×16×6.2,part_of,,,
FJ3213.obj,FJ3213,Intervertebral disk of third cervical vertebra,椎間板,FMA13896,Other,Neck,★★☆☆☆,Cervicogenic,Others,頚椎の椎間板。椎間関節性の頸原性頭痛に関与。,22.6×16×6.2,is_a,,,
FJ3215.obj,FJ3215,Intervertebral disk of third lumbar vertebra,椎間板,FMA16035,Other,Other,★★☆☆☆,Cervicogenic,Others,頚椎の椎間板。椎間関節性の頸原性頭痛に関与。,44.7×38.3×17.4,part_of,,,
FJ3215.obj,FJ3215,Intervertebral disk of third lumbar vertebra,椎間板,FMA16035,Other,Other,★★☆☆☆,Cervicogenic,Others,頚椎の椎間板。椎間関節性の頸原性頭痛に関与。,44.7×38.3×17.4,is_a,,,
FJ3224.obj,FJ3224,Intervertebral disk of third thoracic vertebra,椎間板,FMA13500,Other,Other,★★☆☆☆,Cervicogenic,Others,頚椎の椎間板。椎間関節性の頸原性頭痛に関与。,29.8×25.9×14.7,part_of,,,
FJ3224.obj,FJ3224,Intervertebral disk of third thoracic vertebra,椎間板,FMA13500,Other,Other,★★☆☆☆,Cervicogenic,Others,頚椎の椎間板。椎間関節性の頸原性頭痛に関与。,29.8×25.9×14.7,is_a,,,
FJ1283.obj,FJ1283,Left anterior ethmoidal nerve,前篩骨神経,FMA52677,Nerve,Head,★☆☆☆☆,Migraine,Nerves,V1 枝。,7.8×4.4×1.5,is_a,,,
FJ1318.obj,FJ1318,Left long ciliary nerve,長毛様体神経,FMA82735,Nerve,Head,★☆☆☆☆,Cluster,Nerves,V1 枝。,12×15.8×6.4,is_a,,,
FJ1315.obj,FJ1315,Left posterior ethmoidal nerve,後篩骨神経,FMA52716,Nerve,Head,★☆☆☆☆,Migraine,Nerves,V1 枝。,7.8×2.6×1.9,is_a,,,
FJ1333.obj,FJ1333,Right anterior ethmoidal nerve,前篩骨神経,FMA52676,Nerve,Head,★☆☆☆☆,Migraine,Nerves,V1 枝。,7.8×4.4×1.5,is_a,,,
FJ1369.obj,FJ1369,Right long ciliary nerve,長毛様体神経,FMA82734,Nerve,Head,★☆☆☆☆,Cluster,Nerves,V1 枝。,12×15.8×6.4,is_a,,,
FJ1366.obj,FJ1366,Right posterior ethmoidal nerve,後篩骨神経,FMA52715,Nerve,Head,★☆☆☆☆,Migraine,Nerves,V1 枝。,7.8×2.7×1.9,is_a,,,
